;Animal;Group;Sequence;CG;CA;CT;GC;GA;GT;AC;AG;AT;TC;TG;TA;Sequence length;N A;N C;N G;N T;N mutations;Positions
0;./brca/Ctrl_143_final.txt;Control;1;0;1;0;0;0;0;0;0;0;0;0;0;550;148;85;150;167;1;[392]
1;./brca/Ctrl_143_final.txt;Control;2;0;0;0;0;0;0;0;1;2;0;1;0;550;144;86;152;168;4;[36, 305, 355, 363]
2;./brca/Ctrl_143_final.txt;Control;3;0;0;0;0;0;0;0;0;0;0;0;0;550;147;86;150;167;0;[]
3;./brca/Ctrl_143_final.txt;Control;4;0;0;1;0;0;0;0;1;1;1;0;0;550;145;86;151;168;4;[20, 66, 81, 170]
4;./brca/Ctrl_143_final.txt;Control;5;0;0;0;0;1;1;0;0;0;0;0;0;550;148;86;148;168;2;[78, 185]
5;./brca/Ctrl_143_final.txt;Control;6;0;0;0;0;3;0;0;1;1;0;1;0;550;148;86;149;167;6;[65, 86, 102, 149, 234, 237]
6;./brca/Ctrl_143_final.txt;Control;7;0;0;0;0;0;0;0;0;0;0;0;0;550;147;86;150;167;0;[]
7;./brca/Ctrl_143_final.txt;Control;8;0;1;0;0;0;0;2;0;1;0;0;1;550;146;87;150;167;5;[4, 5, 318, 415, 536]
8;./brca/Ctrl_143_final.txt;Control;9;0;0;0;0;1;1;0;0;0;0;0;0;550;148;86;148;168;2;[78, 185]
9;./brca/Ctrl_143_final.txt;Control;10;0;0;1;0;0;0;0;0;3;1;2;0;550;144;86;152;168;7;[97, 108, 119, 305, 330, 380, 382]
10;./brca/Ctrl_143_final.txt;Control;11;0;0;0;0;0;0;0;0;0;0;0;0;550;147;86;150;167;0;[]
11;./brca/Ctrl_143_final.txt;Control;12;0;0;0;0;0;0;0;0;0;1;0;1;550;148;87;150;165;2;[66, 156]
12;./brca/Ctrl_143_final.txt;Control;13;0;0;0;0;0;0;0;2;1;0;0;0;550;144;86;152;168;3;[355, 363, 426]
13;./brca/Ctrl_143_final.txt;Control;14;0;0;1;0;0;0;1;0;1;0;0;0;550;145;86;150;169;3;[27, 194, 423]
14;./brca/Ctrl_143_final.txt;Control;15;0;0;0;0;0;0;0;0;0;0;0;0;550;147;86;150;167;0;[]
15;./brca/Ctrl_143_final.txt;Control;16;0;0;0;0;0;0;0;0;0;0;0;0;550;147;86;150;167;0;[]
16;./brca/Ctrl_143_final.txt;Control;17;0;0;0;0;0;0;0;1;2;0;0;0;550;144;86;151;169;3;[305, 355, 363]
17;./brca/Ctrl_143_final.txt;Control;18;0;0;0;0;0;0;0;0;0;0;0;0;550;147;86;150;167;0;[]
18;./brca/Ctrl_143_final.txt;Control;19;0;0;0;0;1;0;0;1;0;1;0;0;550;147;87;150;166;3;[127, 289, 290]
19;./brca/Ctrl_143_final.txt;Control;20;0;0;0;0;1;0;0;0;0;1;1;0;550;148;87;150;165;3;[78, 183, 350]
20;./brca/Ctrl_143_final.txt;Control;21;0;0;0;0;0;0;0;0;0;0;0;0;550;147;86;150;167;0;[]
21;./brca/Ctrl_143_final.txt;Control;22;0;0;0;0;0;0;0;0;0;1;1;2;550;149;87;151;163;4;[33, 47, 60, 111]
22;./brca/Ctrl_143_final.txt;Control;23;0;0;0;0;1;0;0;1;0;0;0;1;550;148;86;150;166;3;[18, 79, 86]
23;./brca/Ctrl_143_final.txt;Control;24;0;0;0;0;0;0;0;2;2;0;0;0;550;143;86;152;169;4;[157, 305, 355, 363]
24;./brca/Ctrl_143_final.txt;Control;25;0;0;2;0;1;0;0;0;0;0;0;0;550;148;84;149;169;3;[232, 275, 277]
25;./brca/Ctrl_143_final.txt;Control;26;0;1;0;0;0;0;1;0;0;0;0;0;550;147;86;150;167;2;[13, 204]
26;./brca/Ctrl_143_final.txt;Control;27;0;0;0;0;1;0;0;2;2;0;0;0;550;144;86;151;169;5;[117, 147, 305, 355, 363]
27;./brca/Ctrl_143_final.txt;Control;28;0;0;0;0;0;0;0;0;0;0;0;1;550;148;86;150;166;1;[192]
28;./brca/Ctrl_143_final.txt;Control;29;0;0;0;0;0;0;0;0;0;0;0;0;550;147;86;150;167;0;[]
29;./brca/Ctrl_143_final.txt;Control;30;1;0;0;0;1;0;0;0;0;0;0;0;550;148;85;150;167;2;[95, 196]
30;./brca/Ctrl_143_final.txt;Control;31;1;0;2;0;2;0;3;1;0;1;1;1;550;146;87;151;166;12;[36, 73, 74, 80, 86, 91, 95, 107, 157, 194, 210, 255]
31;./brca/Ctrl_143_final.txt;Control;32;1;0;0;0;0;0;0;0;0;0;0;0;550;147;85;151;167;1;[105]
32;./brca/Ctrl_143_final.txt;Control;33;0;0;0;0;0;0;0;0;0;0;0;0;550;147;86;150;167;0;[]
33;./brca/Ctrl_143_final.txt;Control;34;0;0;0;0;4;0;0;3;1;0;0;0;550;147;86;149;168;8;[379, 396, 404, 420, 437, 439, 459, 493]
34;./brca/Ctrl_143_final.txt;Control;35;0;0;1;0;0;0;0;0;1;0;0;0;550;146;85;150;169;2;[81, 521]
35;./brca/Ctrl_143_final.txt;Control;36;0;0;0;0;0;0;0;0;0;0;0;0;550;147;86;150;167;0;[]
36;./brca/Ctrl_143_final.txt;Control;37;0;0;0;0;0;0;0;0;0;0;0;0;550;147;86;150;167;0;[]
37;./brca/Ctrl_143_final.txt;Control;38;0;0;0;0;0;0;0;0;0;0;0;0;550;147;86;150;167;0;[]
38;./brca/Ctrl_143_final.txt;Control;39;0;0;0;0;0;0;1;0;1;2;0;0;550;145;89;150;166;4;[65, 81, 106, 116]
39;./brca/Ctrl_143_final.txt;Control;40;0;0;1;1;4;0;0;0;0;1;0;0;550;151;87;145;167;7;[58, 59, 61, 78, 95, 234, 463]
40;./brca/Ctrl_143_final.txt;Control;41;0;0;0;0;0;0;0;0;0;0;0;0;550;147;86;150;167;0;[]
41;./brca/Ctrl_143_final.txt;Control;42;0;0;0;1;0;0;1;0;0;1;0;0;550;146;89;149;166;3;[33, 86, 194]
42;./brca/Ctrl_143_final.txt;Control;43;0;0;0;0;0;0;0;0;1;0;1;1;550;147;86;151;166;3;[63, 71, 76]
43;./brca/Ctrl_143_final.txt;Control;44;0;0;0;0;0;0;1;0;0;1;2;0;550;146;88;152;164;4;[14, 148, 205, 304]
44;./brca/Ctrl_143_final.txt;Control;45;0;0;2;0;0;0;0;0;0;1;0;1;550;148;85;150;167;4;[348, 356, 391, 392]
45;./brca/Ctrl_143_final.txt;Control;46;0;0;0;0;0;0;0;0;0;0;0;0;550;147;86;150;167;0;[]
46;./brca/Ctrl_143_final.txt;Control;47;0;0;0;0;0;0;0;0;0;1;0;0;550;147;87;150;166;1;[236]
47;./brca/Ctrl_143_final.txt;Control;48;1;0;0;0;0;0;0;0;0;0;0;0;550;147;85;151;167;1;[198]
48;./brca/Ctrl_143_final.txt;Control;49;0;0;0;0;0;0;0;0;0;0;0;0;550;147;86;150;167;0;[]
49;./brca/Ctrl_143_final.txt;Control;50;0;0;0;0;0;0;0;0;0;0;0;0;550;147;86;150;167;0;[]
50;./brca/Ctrl_298_final.txt;Control;1;0;0;0;0;1;0;0;1;1;0;0;0;550;146;86;150;168;3;[261, 332, 387]
51;./brca/Ctrl_298_final.txt;Control;2;0;0;2;0;1;0;0;0;0;2;2;4;550;152;86;151;161;11;[76, 77, 214, 258, 333, 356, 365, 409, 417, 425, 482]
52;./brca/Ctrl_298_final.txt;Control;3;0;0;0;0;0;0;0;0;0;0;0;0;550;147;86;150;167;0;[]
53;./brca/Ctrl_298_final.txt;Control;4;0;0;2;0;0;0;1;1;1;0;0;0;550;144;85;151;170;5;[2, 94, 172, 210, 220]
54;./brca/Ctrl_298_final.txt;Control;5;0;0;1;0;2;0;1;0;0;0;0;0;550;148;86;148;168;4;[95, 117, 196, 285]
55;./brca/Ctrl_298_final.txt;Control;6;0;0;0;1;0;0;1;1;2;0;0;0;550;143;88;150;169;5;[42, 85, 107, 213, 250]
56;./brca/Ctrl_298_final.txt;Control;7;0;0;0;0;1;0;0;2;0;0;0;0;550;146;86;151;167;3;[42, 95, 287]
57;./brca/Ctrl_298_final.txt;Control;8;0;0;0;0;0;0;0;0;0;0;1;0;550;147;86;151;166;1;[526]
58;./brca/Ctrl_298_final.txt;Control;9;0;0;0;1;2;1;1;2;1;0;0;0;550;145;88;148;169;8;[13, 117, 131, 144, 300, 375, 447, 464]
59;./brca/Ctrl_298_final.txt;Control;10;0;1;0;1;1;0;0;0;0;2;1;0;550;149;88;149;164;6;[78, 95, 201, 260, 279, 378]
60;./brca/Ctrl_298_final.txt;Control;11;0;0;0;0;0;0;0;0;1;0;0;0;550;146;86;150;168;1;[415]
61;./brca/Ctrl_298_final.txt;Control;12;0;0;0;0;0;0;1;0;0;1;0;0;550;146;88;150;166;2;[87, 377]
62;./brca/Ctrl_298_final.txt;Control;13;0;0;0;0;1;0;0;0;0;0;0;0;550;148;86;149;167;1;[131]
63;./brca/Ctrl_298_final.txt;Control;14;0;1;2;0;0;0;1;0;0;2;0;1;550;148;86;150;166;7;[101, 192, 196, 204, 206, 255, 363]
64;./brca/Ctrl_298_final.txt;Control;15;1;0;0;0;0;0;0;2;0;1;0;0;550;145;86;153;166;4;[35, 116, 319, 331]
65;./brca/Ctrl_298_final.txt;Control;16;0;0;0;0;0;0;0;0;0;0;0;0;550;147;86;150;167;0;[]
66;./brca/Ctrl_298_final.txt;Control;17;0;0;0;0;1;0;1;1;0;0;0;0;550;146;87;150;167;3;[45, 65, 95]
67;./brca/Ctrl_298_final.txt;Control;18;0;0;0;0;0;0;0;0;0;0;0;0;550;147;86;150;167;0;[]
68;./brca/Ctrl_298_final.txt;Control;19;0;0;0;0;0;0;0;0;0;2;1;1;550;148;88;151;163;4;[33, 111, 239, 371]
69;./brca/Ctrl_298_final.txt;Control;20;0;0;0;0;0;0;0;1;0;0;0;0;550;146;86;151;167;1;[154]
70;./brca/Ctrl_298_final.txt;Control;21;0;0;0;0;0;0;0;0;0;0;0;0;550;147;86;150;167;0;[]
71;./brca/Ctrl_298_final.txt;Control;22;0;0;0;0;0;0;0;0;0;0;0;0;550;147;86;150;167;0;[]
72;./brca/Ctrl_298_final.txt;Control;23;3;1;0;0;0;1;0;0;0;1;0;0;550;148;83;152;167;6;[20, 24, 26, 66, 292, 298]
73;./brca/Ctrl_298_final.txt;Control;24;0;0;0;0;0;0;0;0;0;0;0;0;550;147;86;150;167;0;[]
74;./brca/Ctrl_298_final.txt;Control;25;0;0;0;0;0;0;0;0;0;0;0;0;550;147;86;150;167;0;[]
75;./brca/Ctrl_298_final.txt;Control;26;0;0;1;0;1;0;0;0;0;0;0;0;550;148;85;149;168;2;[258, 303]
76;./brca/Ctrl_298_final.txt;Control;27;0;0;0;0;0;0;0;0;0;0;0;0;550;147;86;150;167;0;[]
77;./brca/Ctrl_298_final.txt;Control;28;0;0;0;0;0;0;0;2;0;0;0;0;550;145;86;152;167;2;[14, 294]
78;./brca/Ctrl_298_final.txt;Control;29;0;0;1;0;1;0;0;1;0;0;0;0;550;147;85;150;168;3;[114, 213, 214]
79;./brca/Ctrl_298_final.txt;Control;30;0;0;0;0;2;1;0;0;3;0;0;0;550;146;86;147;171;6;[57, 147, 273, 291, 305, 331]
80;./brca/Ctrl_298_final.txt;Control;31;0;0;0;0;1;0;1;1;0;0;0;0;550;146;87;150;167;3;[45, 65, 95]
81;./brca/Ctrl_298_final.txt;Control;32;0;0;0;0;0;0;1;0;0;0;0;0;550;146;87;150;167;1;[46]
82;./brca/Ctrl_298_final.txt;Control;33;0;0;1;0;0;0;2;2;1;0;0;0;550;142;87;152;169;6;[254, 363, 415, 424, 458, 517]
83;./brca/Ctrl_298_final.txt;Control;34;0;0;0;2;1;0;0;1;0;0;0;0;550;147;88;148;167;4;[30, 185, 299, 353]
84;./brca/Ctrl_298_final.txt;Control;35;0;0;0;1;0;0;0;2;1;1;0;0;550;144;88;151;167;5;[4, 63, 185, 299, 433]
85;./brca/Ctrl_298_final.txt;Control;36;0;0;0;1;0;0;0;0;0;0;0;0;550;147;87;149;167;1;[30]
86;./brca/Ctrl_298_final.txt;Control;37;0;0;0;0;0;0;0;0;0;0;0;0;550;147;86;150;167;0;[]
87;./brca/Ctrl_298_final.txt;Control;38;2;0;3;0;3;1;1;2;1;4;0;3;550;149;86;150;165;20;[42, 64, 73, 86, 100, 101, 103, 105, 120, 121, 160, 193, 220, 305, 330, 344, 350, 351, 362, 375]
88;./brca/Ctrl_298_final.txt;Control;39;0;0;0;0;0;0;0;0;0;0;0;0;550;147;86;150;167;0;[]
89;./brca/Ctrl_298_final.txt;Control;40;0;0;0;0;0;0;0;0;0;0;0;0;550;147;86;150;167;0;[]
90;./brca/Ctrl_298_final.txt;Control;41;0;0;0;0;0;0;0;0;1;1;0;0;550;146;87;150;167;2;[98, 210]
91;./brca/Ctrl_298_final.txt;Control;42;0;0;1;0;2;0;0;0;1;1;0;0;550;148;86;148;168;5;[71, 234, 332, 381, 411]
92;./brca/Ctrl_298_final.txt;Control;43;0;0;0;0;0;0;0;0;0;0;0;0;550;147;86;150;167;0;[]
93;./brca/Ctrl_298_final.txt;Control;44;1;0;0;0;0;0;0;1;2;0;0;2;550;146;85;152;167;6;[46, 105, 126, 286, 289, 371]
94;./brca/Ctrl_298_final.txt;Control;45;0;0;0;0;0;0;0;0;0;0;1;0;550;147;86;151;166;1;[33]
95;./brca/Ctrl_298_final.txt;Control;46;0;0;0;0;0;0;0;1;0;0;0;0;550;146;86;151;167;1;[401]
96;./brca/Ctrl_298_final.txt;Control;47;0;0;0;0;0;0;0;0;0;0;0;0;550;147;86;150;167;0;[]
97;./brca/Ctrl_298_final.txt;Control;48;0;0;0;0;0;0;0;0;0;0;0;0;550;147;86;150;167;0;[]
98;./brca/Ctrl_298_final.txt;Control;49;0;0;0;0;0;0;0;0;0;0;0;0;550;147;86;150;167;0;[]
99;./brca/Ctrl_298_final.txt;Control;50;0;0;0;0;0;0;0;0;0;0;0;0;550;147;86;150;167;0;[]
100;./brca/Ctrl_298_final.txt;Control;51;0;0;0;1;0;0;0;1;0;0;0;1;550;147;87;150;166;3;[64, 95, 157]
101;./brca/Ctrl_298_final.txt;Control;52;0;0;0;0;0;0;0;0;0;0;0;0;550;147;86;150;167;0;[]
102;./brca/Ctrl_298_final.txt;Control;53;0;0;0;0;0;0;0;0;0;0;0;0;550;147;86;150;167;0;[]
103;./brca/Ctrl_331_final.txt;Control;1;0;0;0;0;0;1;1;2;0;0;0;0;550;144;87;151;168;4;[86, 331, 390, 410]
104;./brca/Ctrl_331_final.txt;Control;2;0;0;0;0;0;0;0;0;0;0;0;0;550;147;86;150;167;0;[]
105;./brca/Ctrl_331_final.txt;Control;3;0;1;0;0;0;0;0;0;0;0;0;0;550;148;85;150;167;1;[91]
106;./brca/Ctrl_331_final.txt;Control;4;1;1;0;1;0;1;0;0;0;1;0;1;550;149;86;149;166;6;[74, 78, 96, 126, 147, 252]
107;./brca/Ctrl_331_final.txt;Control;5;0;0;0;0;0;0;0;0;0;0;0;0;550;147;86;150;167;0;[]
108;./brca/Ctrl_331_final.txt;Control;6;0;0;0;0;0;0;0;0;0;0;0;0;550;147;86;150;167;0;[]
109;./brca/Ctrl_331_final.txt;Control;7;0;1;0;1;0;0;0;3;2;1;2;0;550;143;87;154;166;10;[1, 42, 62, 86, 119, 216, 227, 296, 359, 411]
110;./brca/Ctrl_331_final.txt;Control;8;1;0;0;0;0;0;0;1;0;2;0;1;550;147;87;152;164;5;[47, 115, 235, 275, 304]
111;./brca/Ctrl_331_final.txt;Control;9;0;0;0;0;0;0;0;0;0;0;0;0;550;147;86;150;167;0;[]
112;./brca/Ctrl_331_final.txt;Control;10;0;0;0;1;0;0;0;0;0;0;0;0;550;147;87;149;167;1;[78]
113;./brca/Ctrl_331_final.txt;Control;11;0;0;0;0;0;0;0;0;1;0;0;0;550;146;86;150;168;1;[42]
114;./brca/Ctrl_331_final.txt;Control;12;0;1;0;0;1;0;0;3;1;4;0;0;550;145;89;152;164;10;[43, 47, 76, 81, 88, 101, 300, 319, 402, 451]
115;./brca/Ctrl_331_final.txt;Control;13;0;0;0;0;0;0;1;0;1;1;0;2;550;147;88;150;165;5;[4, 80, 92, 111, 155]
116;./brca/Ctrl_331_final.txt;Control;14;1;0;0;0;1;0;1;0;0;2;0;1;550;148;88;150;164;6;[85, 214, 236, 409, 488, 523]
117;./brca/Ctrl_331_final.txt;Control;15;0;1;0;0;1;0;0;0;2;2;0;0;550;147;87;149;167;6;[100, 101, 268, 376, 377, 410]
118;./brca/Ctrl_331_final.txt;Control;16;0;0;0;0;0;0;0;0;0;0;0;0;550;147;86;150;167;0;[]
119;./brca/Ctrl_331_final.txt;Control;17;0;0;0;0;0;0;0;0;0;0;0;0;550;147;86;150;167;0;[]
120;./brca/Ctrl_331_final.txt;Control;18;0;0;0;0;0;0;0;0;0;0;0;0;550;147;86;150;167;0;[]
121;./brca/Ctrl_331_final.txt;Control;19;0;0;0;0;0;0;0;0;0;0;0;0;550;147;86;150;167;0;[]
122;./brca/Ctrl_331_final.txt;Control;20;0;0;0;1;1;0;0;1;0;0;0;1;550;148;87;149;166;4;[44, 81, 98, 326]
123;./brca/Ctrl_331_final.txt;Control;21;0;0;0;1;0;0;1;1;0;0;0;0;550;145;88;150;167;3;[78, 261, 296]
124;./brca/Ctrl_331_final.txt;Control;22;0;1;0;0;1;0;0;3;1;4;0;0;550;145;89;152;164;10;[43, 47, 76, 81, 88, 101, 300, 319, 402, 451]
125;./brca/Ctrl_331_final.txt;Control;23;0;0;0;0;2;0;0;2;0;0;0;0;550;147;86;150;167;4;[42, 208, 329, 331]
126;./brca/Ctrl_331_final.txt;Control;24;0;0;0;0;0;0;0;0;0;0;0;0;550;147;86;150;167;0;[]
127;./brca/Ctrl_331_final.txt;Control;25;0;0;0;0;0;0;0;0;0;0;0;1;550;148;86;150;166;1;[381]
128;./brca/Ctrl_331_final.txt;Control;26;0;1;0;1;0;0;0;3;2;1;2;0;550;143;87;154;166;10;[1, 42, 62, 86, 119, 216, 227, 296, 359, 411]
129;./brca/Ctrl_331_final.txt;Control;27;0;0;0;0;0;0;0;0;0;0;0;0;550;147;86;150;167;0;[]
130;./brca/Ctrl_331_final.txt;Control;28;0;0;0;0;0;0;0;1;0;0;0;0;550;146;86;151;167;1;[46]
131;./brca/Ctrl_331_final.txt;Control;29;0;0;1;1;1;0;0;0;2;2;0;0;550;146;88;148;168;7;[78, 89, 479, 487, 500, 513, 547]
132;./brca/Ctrl_331_final.txt;Control;30;0;0;0;1;0;0;0;0;0;0;0;0;550;147;87;149;167;1;[78]
133;./brca/Ctrl_331_final.txt;Control;31;0;0;0;1;0;0;1;1;0;0;0;0;550;145;88;150;167;3;[78, 261, 296]
134;./brca/Ctrl_331_final.txt;Control;32;0;0;0;0;0;0;0;0;1;0;0;0;550;146;86;150;168;1;[42]
135;./brca/Ctrl_388_final.txt;Control;1;0;0;0;2;0;0;0;1;0;0;0;0;550;146;88;149;167;3;[78, 147, 200]
136;./brca/Ctrl_388_final.txt;Control;2;0;0;0;0;0;0;0;0;0;0;0;0;550;147;86;150;167;0;[]
137;./brca/Ctrl_388_final.txt;Control;3;0;0;0;0;0;0;0;0;0;0;0;0;550;147;86;150;167;0;[]
138;./brca/Ctrl_388_final.txt;Control;4;0;0;0;0;1;0;0;3;1;0;0;0;550;144;86;152;168;5;[71, 208, 357, 366, 401]
139;./brca/Ctrl_388_final.txt;Control;5;0;0;0;1;0;0;0;0;0;0;0;0;550;147;87;149;167;1;[320]
140;./brca/Ctrl_388_final.txt;Control;6;0;0;0;0;3;0;0;0;0;0;0;0;550;150;86;147;167;3;[151, 152, 332]
141;./brca/Ctrl_388_final.txt;Control;7;0;1;0;0;0;0;0;0;2;0;0;0;550;146;85;150;169;3;[71, 96, 117]
142;./brca/Ctrl_388_final.txt;Control;8;0;0;1;0;1;0;0;0;0;0;0;0;550;148;85;149;168;2;[19, 95]
143;./brca/Ctrl_388_final.txt;Control;9;0;0;0;0;0;0;0;0;3;0;0;0;550;144;86;150;170;3;[72, 217, 220]
144;./brca/Ctrl_388_final.txt;Control;10;0;0;0;1;2;0;0;1;0;0;0;0;550;148;87;148;167;4;[18, 86, 100, 447]
145;./brca/Ctrl_388_final.txt;Control;11;0;0;0;0;0;0;0;0;0;0;0;0;550;147;86;150;167;0;[]
146;./brca/Ctrl_388_final.txt;Control;12;0;0;0;0;0;0;0;0;1;0;1;0;550;146;86;151;167;2;[4, 197]
147;./brca/Ctrl_388_final.txt;Control;13;0;0;0;0;0;0;0;0;0;0;0;0;550;147;86;150;167;0;[]
148;./brca/Ctrl_388_final.txt;Control;14;0;0;0;1;2;0;0;7;1;2;0;0;550;141;89;154;166;13;[72, 80, 86, 146, 147, 184, 274, 319, 337, 363, 376, 471, 524]
149;./brca/Ctrl_388_final.txt;Control;15;0;0;0;0;0;0;0;0;0;0;0;0;550;147;86;150;167;0;[]
150;./brca/Ctrl_388_final.txt;Control;16;0;0;0;0;0;0;0;0;0;0;0;0;550;147;86;150;167;0;[]
151;./brca/Ctrl_388_final.txt;Control;17;0;0;0;0;0;0;0;0;0;0;0;0;550;147;86;150;167;0;[]
152;./brca/Ctrl_388_final.txt;Control;18;0;0;0;0;1;0;0;0;1;0;0;0;550;147;86;149;168;2;[117, 469]
153;./brca/Ctrl_388_final.txt;Control;19;0;0;0;0;0;1;0;0;0;0;0;0;550;147;86;149;168;1;[422]
154;./brca/Ctrl_388_final.txt;Control;20;0;0;0;0;1;0;0;1;1;0;0;0;550;146;86;150;168;3;[146, 234, 300]
155;./brca/Ctrl_388_final.txt;Control;21;0;0;0;0;0;0;1;0;0;0;0;0;550;146;87;150;167;1;[363]
156;./brca/Ctrl_388_final.txt;Control;22;0;0;0;0;0;0;0;0;0;0;0;1;550;148;86;150;166;1;[260]
157;./brca/Ctrl_388_final.txt;Control;23;0;0;0;0;0;0;2;3;1;2;0;0;550;141;90;153;166;8;[102, 111, 157, 175, 182, 216, 300, 524]
158;./brca/Ctrl_388_final.txt;Control;24;0;0;0;0;2;0;0;0;0;0;0;1;550;150;86;148;166;3;[197, 249, 250]
159;./brca/Ctrl_388_final.txt;Control;25;0;0;0;0;0;0;0;0;0;0;0;0;550;147;86;150;167;0;[]
160;./brca/Ctrl_388_final.txt;Control;26;0;0;1;0;1;0;0;1;1;0;0;0;550;146;85;150;169;4;[96, 166, 213, 516]
161;./brca/Ctrl_388_final.txt;Control;27;0;1;0;0;0;0;0;1;1;0;0;0;550;146;85;151;168;3;[96, 146, 363]
162;./brca/Ctrl_388_final.txt;Control;28;0;0;0;0;0;0;0;2;0;0;1;0;550;145;86;153;166;3;[200, 357, 502]
163;./brca/Ctrl_388_final.txt;Control;29;0;0;0;0;0;0;0;0;0;0;0;0;550;147;86;150;167;0;[]
164;./brca/Ctrl_388_final.txt;Control;30;0;0;1;0;0;0;0;0;0;0;0;0;550;147;85;150;168;1;[292]
165;./brca/Ctrl_388_final.txt;Control;31;0;0;0;0;2;0;0;0;0;0;0;0;550;149;86;148;167;2;[142, 326]
166;./brca/Ctrl_388_final.txt;Control;32;0;0;0;0;0;0;0;0;3;0;0;0;550;144;86;150;170;3;[72, 217, 220]
167;./brca/Ctrl_65_final.txt;Control;1;0;0;1;0;0;0;0;0;0;0;0;0;550;147;85;150;168;1;[160]
168;./brca/Ctrl_65_final.txt;Control;2;0;0;0;0;0;0;0;0;0;0;0;0;550;147;86;150;167;0;[]
169;./brca/Ctrl_65_final.txt;Control;3;0;0;0;0;0;0;0;0;0;0;0;0;550;147;86;150;167;0;[]
170;./brca/Ctrl_65_final.txt;Control;4;0;1;0;1;0;0;0;0;0;0;0;0;550;148;86;149;167;2;[246, 338]
171;./brca/Ctrl_65_final.txt;Control;5;0;0;0;0;0;0;0;0;0;0;0;0;550;147;86;150;167;0;[]
172;./brca/Ctrl_65_final.txt;Control;6;0;0;0;0;0;0;0;0;0;0;0;0;550;147;86;150;167;0;[]
173;./brca/Ctrl_65_final.txt;Control;7;0;0;0;0;0;0;0;0;0;1;0;0;550;147;87;150;166;1;[301]
174;./brca/Ctrl_65_final.txt;Control;8;0;0;0;1;0;0;0;0;0;0;1;0;550;147;87;150;166;2;[131, 409]
175;./brca/Ctrl_65_final.txt;Control;9;0;0;0;0;1;1;0;2;1;0;0;0;550;145;86;150;169;5;[44, 108, 420, 422, 426]
176;./brca/Ctrl_65_final.txt;Control;10;0;0;0;1;0;0;0;1;0;0;0;0;550;146;87;150;167;2;[78, 209]
177;./brca/Ctrl_65_final.txt;Control;11;0;0;0;0;0;0;0;0;0;0;0;0;550;147;86;150;167;0;[]
178;./brca/Ctrl_65_final.txt;Control;12;0;0;0;0;0;0;0;0;0;0;0;0;550;147;86;150;167;0;[]
179;./brca/Ctrl_65_final.txt;Control;13;0;0;0;0;0;0;0;0;1;1;1;1;550;147;87;151;165;4;[42, 116, 193, 310]
180;./brca/Ctrl_65_final.txt;Control;14;0;0;0;1;1;0;1;0;0;0;0;0;550;147;88;148;167;3;[15, 48, 219]
181;./brca/Ctrl_65_final.txt;Control;15;0;0;0;1;2;0;0;4;2;0;1;1;550;144;87;152;167;11;[14, 24, 98, 99, 100, 103, 146, 157, 166, 220, 284]
182;./brca/Ctrl_65_final.txt;Control;16;0;0;0;0;0;0;0;0;1;0;0;0;550;146;86;150;168;1;[331]
183;./brca/Ctrl_65_final.txt;Control;17;0;0;0;0;0;0;0;0;0;0;0;0;550;147;86;150;167;0;[]
184;./brca/Ctrl_65_final.txt;Control;18;0;0;0;0;0;0;1;1;1;0;0;0;550;144;87;151;168;3;[426, 495, 528]
185;./brca/Ctrl_65_final.txt;Control;19;0;0;0;0;0;1;1;1;2;0;0;0;550;143;87;150;170;5;[108, 159, 216, 232, 379]
186;./brca/Ctrl_65_final.txt;Control;20;0;0;0;0;0;0;0;0;0;1;0;0;550;147;87;150;166;1;[248]
187;./brca/Ctrl_65_final.txt;Control;21;0;0;0;2;0;0;0;1;0;0;0;0;550;146;88;149;167;3;[100, 166, 332]
188;./brca/Ctrl_65_final.txt;Control;22;0;1;1;1;1;0;0;0;1;7;1;2;550;150;92;149;159;15;[29, 78, 88, 118, 119, 214, 267, 294, 320, 368, 406, 455, 462, 482, 486]
189;./brca/Ctrl_65_final.txt;Control;23;0;0;0;0;0;0;0;1;0;0;1;0;550;146;86;152;166;2;[67, 157]
190;./brca/Ctrl_65_final.txt;Control;24;0;0;0;0;0;1;0;0;1;0;1;0;550;146;86;150;168;3;[112, 402, 426]
191;./brca/Ctrl_65_final.txt;Control;25;0;0;0;0;0;0;0;0;0;0;0;0;550;147;86;150;167;0;[]
192;./brca/Ctrl_65_final.txt;Control;26;0;0;0;0;1;0;0;0;0;0;1;0;550;148;86;150;166;2;[119, 224]
193;./brca/Ctrl_65_final.txt;Control;27;0;0;0;1;0;0;0;2;0;1;0;2;550;147;88;151;164;6;[46, 148, 183, 205, 250, 375]
194;./brca/Ctrl_65_final.txt;Control;28;0;0;0;0;0;0;0;0;0;1;0;0;550;147;87;150;166;1;[205]
195;./brca/Ctrl_65_final.txt;Control;29;0;0;0;1;0;0;0;2;0;0;0;1;550;146;87;151;166;4;[46, 183, 250, 375]
196;./brca/Ctrl_65_final.txt;Control;30;0;0;0;0;0;1;0;0;1;0;0;0;550;146;86;149;169;2;[402, 426]
197;./brca/Ctrl_65_final.txt;Control;31;1;0;1;0;0;0;0;0;1;0;0;0;550;146;84;151;169;3;[73, 74, 300]
198;./brca/Ctrl_65_final.txt;Control;32;0;0;0;0;0;0;0;0;0;0;0;0;550;147;86;150;167;0;[]
199;./brca/Ctrl_65_final.txt;Control;33;0;0;0;2;2;0;2;0;1;0;0;0;550;146;90;146;168;7;[78, 86, 107, 162, 202, 229, 372]
200;./brca/Ctrl_65_final.txt;Control;34;0;0;0;0;0;1;0;3;2;0;0;0;550;142;86;152;170;6;[71, 117, 146, 220, 284, 326]
201;./brca/Ctrl_65_final.txt;Control;35;0;0;0;0;0;0;0;0;0;0;0;0;550;147;86;150;167;0;[]
202;./brca/Ctrl_65_final.txt;Control;36;0;0;0;0;0;0;0;0;0;0;0;0;550;147;86;150;167;0;[]
203;./brca/Ctrl_65_final.txt;Control;37;0;0;0;0;1;1;1;3;0;0;0;0;550;144;87;151;168;6;[146, 147, 220, 234, 470, 493]
204;./brca/Ctrl_65_final.txt;Control;38;0;0;0;0;0;0;0;2;0;1;0;1;550;146;87;152;165;4;[14, 63, 260, 261]
205;./brca/Ctrl_65_final.txt;Control;39;0;0;1;0;0;0;0;3;1;1;0;1;550;144;86;153;167;7;[4, 14, 63, 73, 97, 260, 261]
206;./brca/Ctrl_65_final.txt;Control;40;0;0;0;0;1;0;0;0;0;0;0;0;550;148;86;149;167;1;[15]
207;./brca/Ctrl_65_final.txt;Control;41;0;0;0;0;0;0;0;0;0;0;0;0;550;147;86;150;167;0;[]
208;./brca/Ctrl_65_final.txt;Control;42;0;0;0;0;0;0;0;0;0;0;0;0;550;147;86;150;167;0;[]
209;./brca/Ctrl_65_final.txt;Control;43;0;0;0;0;0;1;0;0;0;0;1;0;550;147;86;150;167;2;[11, 326]
210;./brca/Ctrl_65_final.txt;Control;44;0;0;0;0;1;0;0;1;1;1;0;2;550;148;87;150;165;6;[4, 79, 159, 235, 308, 333]
211;./brca/Ctrl_65_final.txt;Control;45;0;0;0;0;0;0;2;1;0;0;0;0;550;144;88;151;167;3;[4, 71, 85]
212;./brca/Ctrl_65_final.txt;Control;46;0;0;0;0;0;0;0;2;0;0;0;0;550;145;86;152;167;2;[85, 107]
213;./brca/Ctrl_65_final.txt;Control;47;0;0;0;0;2;0;0;1;0;1;0;0;550;148;87;149;166;4;[52, 95, 100, 146]
214;./brca/Ctrl_65_final.txt;Control;48;0;0;0;0;0;0;0;1;0;0;0;0;550;146;86;151;167;1;[426]
215;./brca/Ctrl_65_final.txt;Control;49;0;0;0;0;0;0;0;3;1;1;0;0;550;143;87;153;167;5;[4, 38, 46, 94, 206]
216;./brca/Brca2_132_final.txt;brca;1;0;0;0;1;0;0;0;0;0;0;0;0;550;147;87;149;167;1;[361]
217;./brca/Brca2_132_final.txt;brca;2;0;0;0;0;0;0;0;0;0;0;0;0;550;147;86;150;167;0;[]
218;./brca/Brca2_132_final.txt;brca;3;0;0;1;1;0;0;1;0;0;0;0;0;550;146;87;149;168;3;[44, 141, 298]
219;./brca/Brca2_132_final.txt;brca;4;1;0;0;1;0;0;0;0;1;2;1;1;550;147;88;151;164;7;[14, 267, 303, 326, 362, 409, 523]
220;./brca/Brca2_132_final.txt;brca;5;0;0;0;0;1;0;0;0;0;0;0;0;550;148;86;149;167;1;[39]
221;./brca/Brca2_132_final.txt;brca;6;1;0;2;0;0;0;0;0;0;0;1;0;550;147;83;152;168;4;[101, 105, 173, 292]
222;./brca/Brca2_132_final.txt;brca;7;0;0;0;0;0;0;0;0;0;0;0;0;550;147;86;150;167;0;[]
223;./brca/Brca2_132_final.txt;brca;8;0;0;0;0;0;0;0;0;1;0;0;0;550;146;86;150;168;1;[220]
224;./brca/Brca2_132_final.txt;brca;9;0;0;0;1;0;0;1;0;2;0;0;0;550;144;88;149;169;4;[43, 361, 404, 426]
225;./brca/Brca2_132_final.txt;brca;10;0;0;0;0;0;0;0;1;0;0;0;0;550;146;86;151;167;1;[146]
226;./brca/Brca2_132_final.txt;brca;11;0;0;0;0;0;3;0;1;1;0;0;0;550;145;86;148;171;5;[224, 234, 366, 415, 547]
227;./brca/Brca2_132_final.txt;brca;12;0;1;1;0;1;1;0;1;0;0;0;0;550;148;84;149;169;5;[2, 5, 95, 100, 305]
228;./brca/Brca2_132_final.txt;brca;13;0;0;0;0;1;0;1;1;0;0;0;0;550;146;87;150;167;3;[78, 158, 212]
229;./brca/Brca2_132_final.txt;brca;14;0;0;0;0;0;0;0;0;0;0;0;0;550;147;86;150;167;0;[]
230;./brca/Brca2_132_final.txt;brca;15;0;0;0;0;0;0;0;0;0;0;0;0;550;147;86;150;167;0;[]
231;./brca/Brca2_132_final.txt;brca;16;0;0;0;0;0;0;1;0;0;0;0;0;550;146;87;150;167;1;[141]
232;./brca/Brca2_132_final.txt;brca;17;0;0;0;0;1;1;0;0;0;0;0;0;550;148;86;148;168;2;[151, 237]
233;./brca/Brca2_132_final.txt;brca;18;0;1;0;0;0;0;0;0;0;0;0;0;550;148;85;150;167;1;[101]
234;./brca/Brca2_132_final.txt;brca;19;0;0;0;0;0;0;0;0;0;0;0;0;550;147;86;150;167;0;[]
235;./brca/Brca2_132_final.txt;brca;20;1;0;0;0;0;0;0;0;0;2;0;0;550;147;87;151;165;3;[181, 183, 204]
236;./brca/Brca2_132_final.txt;brca;21;0;0;0;1;0;0;1;0;2;0;0;0;550;144;88;149;169;4;[43, 361, 404, 426]
237;./brca/Brca2_132_final.txt;brca;22;0;0;0;0;0;0;0;0;0;0;0;0;550;147;86;150;167;0;[]
238;./brca/Brca2_132_final.txt;brca;23;1;0;0;0;0;0;0;0;0;0;0;0;550;147;85;151;167;1;[2]
239;./brca/Brca2_132_final.txt;brca;24;0;0;0;0;0;0;0;0;0;0;1;0;550;147;86;151;166;1;[520]
240;./brca/Brca2_132_final.txt;brca;25;0;0;1;0;0;0;0;1;1;0;1;0;550;145;85;152;168;4;[107, 146, 156, 164]
241;./brca/Brca2_132_final.txt;brca;26;0;0;0;0;1;0;0;0;0;0;0;0;550;148;86;149;167;1;[232]
242;./brca/Brca2_132_final.txt;brca;27;0;0;0;0;0;3;0;1;1;0;0;0;550;145;86;148;171;5;[224, 234, 366, 415, 547]
243;./brca/Brca2_132_final.txt;brca;28;0;0;0;0;0;0;0;0;0;0;0;0;550;147;86;150;167;0;[]
244;./brca/Brca2_132_final.txt;brca;29;0;0;0;0;0;0;0;0;0;0;0;0;550;147;86;150;167;0;[]
245;./brca/Brca2_132_final.txt;brca;30;0;0;0;0;0;0;0;0;0;0;0;0;550;147;86;150;167;0;[]
246;./brca/Brca2_132_final.txt;brca;31;0;0;0;1;0;0;0;0;0;0;0;0;550;147;87;149;167;1;[95]
247;./brca/Brca2_132_final.txt;brca;32;0;0;0;0;0;0;0;0;0;0;0;0;550;147;86;150;167;0;[]
248;./brca/Brca2_132_final.txt;brca;33;0;0;0;0;0;0;0;0;0;0;0;0;550;147;86;150;167;0;[]
249;./brca/Brca2_132_final.txt;brca;34;0;0;0;0;0;0;0;0;0;0;0;0;550;147;86;150;167;0;[]
250;./brca/Brca2_132_final.txt;brca;35;0;0;0;1;0;0;1;1;0;0;0;0;550;145;88;150;167;3;[46, 72, 95]
251;./brca/Brca2_132_final.txt;brca;36;0;0;0;0;0;0;0;0;0;0;0;0;550;147;86;150;167;0;[]
252;./brca/Brca2_132_final.txt;brca;37;0;0;0;0;0;0;0;0;0;0;0;0;550;147;86;150;167;0;[]
253;./brca/Brca2_132_final.txt;brca;38;1;0;0;0;0;0;1;1;2;2;0;0;550;143;88;152;167;7;[14, 45, 107, 181, 183, 204, 294]
254;./brca/Brca2_132_final.txt;brca;39;0;0;0;0;2;0;0;0;0;0;0;0;550;149;86;148;167;2;[234, 240]
255;./brca/Brca2_132_final.txt;brca;40;0;0;0;1;0;0;0;0;0;0;0;0;550;147;87;149;167;1;[95]
256;./brca/Brca2_132_final.txt;brca;41;0;0;1;0;0;0;0;1;0;0;0;2;550;148;85;151;166;4;[101, 229, 230, 255]
257;./brca/Brca2_132_final.txt;brca;42;0;0;0;0;0;0;0;0;0;0;0;0;550;147;86;150;167;0;[]
258;./brca/Brca2_132_final.txt;brca;43;0;0;0;1;0;1;0;0;0;0;0;0;550;147;87;148;168;2;[78, 113]
259;./brca/Brca2_132_final.txt;brca;44;1;0;0;0;0;0;0;0;0;0;0;0;550;147;85;151;167;1;[105]
260;./brca/Brca2_132_final.txt;brca;45;0;0;0;0;0;0;0;0;0;0;0;0;550;147;86;150;167;0;[]
261;./brca/Brca2_132_final.txt;brca;46;0;0;0;0;0;0;0;0;0;0;0;0;550;147;86;150;167;0;[]
262;./brca/Brca2_132_final.txt;brca;47;0;0;0;0;0;0;0;0;0;0;0;0;550;147;86;150;167;0;[]
263;./brca/Brca2_132_final.txt;brca;48;0;0;0;0;0;0;0;2;0;0;0;0;550;145;86;152;167;2;[387, 426]
264;./brca/Brca2_132_final.txt;brca;49;0;0;0;1;2;0;0;0;0;0;0;0;550;149;87;147;167;3;[78, 162, 226]
265;./brca/Brca2_132_final.txt;brca;50;0;0;0;0;0;0;0;0;0;0;0;0;550;147;86;150;167;0;[]
266;./brca/Brca2_132_final.txt;brca;51;0;0;0;0;0;0;0;0;0;0;0;2;550;149;86;150;165;2;[106, 116]
267;./brca/Brca2_132_final.txt;brca;52;0;0;0;1;0;0;0;0;0;0;0;0;550;147;87;149;167;1;[95]
268;./brca/Brca2_132_final.txt;brca;53;0;0;0;1;0;0;0;1;0;0;0;0;550;146;87;150;167;2;[210, 332]
269;./brca/Brca2_132_final.txt;brca;54;0;0;0;0;0;0;0;0;0;1;0;0;550;147;87;150;166;1;[236]
270;./brca/Brca2_300_final.txt;brca;1;0;0;0;0;0;0;0;1;2;0;0;0;550;144;86;151;169;3;[57, 194, 352]
271;./brca/Brca2_300_final.txt;brca;2;0;0;0;0;2;0;1;1;0;0;0;0;550;147;87;149;167;4;[295, 355, 361, 429]
272;./brca/Brca2_300_final.txt;brca;3;0;0;0;0;0;0;0;0;0;0;0;0;550;147;86;150;167;0;[]
273;./brca/Brca2_300_final.txt;brca;4;0;0;0;0;0;0;0;0;0;2;0;0;550;147;88;150;165;2;[67, 88]
274;./brca/Brca2_300_final.txt;brca;5;0;0;0;0;1;0;0;0;0;0;0;0;550;148;86;149;167;1;[402]
275;./brca/Brca2_300_final.txt;brca;6;0;0;0;0;0;0;0;1;0;0;0;0;550;146;86;151;167;1;[213]
276;./brca/Brca2_300_final.txt;brca;7;0;1;0;0;0;0;1;0;1;0;0;0;550;146;86;150;168;3;[14, 94, 222]
277;./brca/Brca2_300_final.txt;brca;8;0;0;0;1;0;1;1;1;0;0;0;0;550;145;88;149;168;4;[211, 291, 297, 332]
278;./brca/Brca2_300_final.txt;brca;9;0;0;0;0;0;0;0;0;0;0;0;0;550;147;86;150;167;0;[]
279;./brca/Brca2_300_final.txt;brca;10;0;0;0;0;2;0;1;1;0;0;0;0;550;147;87;149;167;4;[295, 355, 361, 429]
280;./brca/Brca2_300_final.txt;brca;11;0;0;0;0;0;0;0;0;0;0;0;0;550;147;86;150;167;0;[]
281;./brca/Brca2_300_final.txt;brca;12;0;0;0;0;0;0;0;0;0;0;0;0;550;147;86;150;167;0;[]
282;./brca/Brca2_300_final.txt;brca;13;0;0;0;0;0;0;0;0;0;0;0;0;550;147;86;150;167;0;[]
283;./brca/Brca2_300_final.txt;brca;14;0;0;0;0;0;0;0;0;0;0;0;0;550;147;86;150;167;0;[]
284;./brca/Brca2_300_final.txt;brca;15;0;0;0;0;0;0;0;0;0;0;0;0;550;147;86;150;167;0;[]
285;./brca/Brca2_300_final.txt;brca;16;1;0;0;0;0;0;0;0;0;0;0;0;550;147;85;151;167;1;[303]
286;./brca/Brca2_300_final.txt;brca;17;0;0;0;0;0;0;0;0;0;0;0;0;550;147;86;150;167;0;[]
287;./brca/Brca2_300_final.txt;brca;18;0;0;0;0;0;0;0;0;0;2;0;0;550;147;88;150;165;2;[67, 88]
288;./brca/Brca2_300_final.txt;brca;19;0;0;0;0;0;0;0;1;2;0;0;0;550;144;86;151;169;3;[146, 155, 217]
289;./brca/Brca2_300_final.txt;brca;20;0;0;0;1;0;1;1;3;0;0;0;0;550;143;88;151;168;6;[14, 46, 211, 291, 297, 332]
290;./brca/Brca2_300_final.txt;brca;21;0;0;0;0;0;0;0;0;0;0;0;0;550;147;86;150;167;0;[]
291;./brca/Brca2_300_final.txt;brca;22;0;0;1;0;0;0;0;1;0;0;0;0;550;146;85;151;168;2;[4, 74]
292;./brca/Brca2_300_final.txt;brca;23;0;0;0;0;0;0;0;1;1;0;0;0;550;145;86;151;168;2;[363, 415]
293;./brca/Brca2_300_final.txt;brca;24;0;0;0;1;0;0;0;0;0;0;1;0;550;147;87;150;166;2;[3, 44]
294;./brca/Brca2_300_final.txt;brca;25;0;0;1;0;0;0;0;1;0;0;0;0;550;146;85;151;168;2;[4, 74]
295;./brca/Brca2_300_final.txt;brca;26;0;0;0;0;0;0;0;0;0;0;0;0;550;147;86;150;167;0;[]
296;./brca/Brca2_300_final.txt;brca;27;0;0;0;0;0;0;0;0;0;0;0;0;550;147;86;150;167;0;[]
297;./brca/Brca2_300_final.txt;brca;28;0;0;0;0;0;1;0;0;1;0;0;0;550;146;86;149;169;2;[42, 250]
298;./brca/Brca2_300_final.txt;brca;29;0;0;0;0;0;0;0;0;0;0;0;0;550;147;86;150;167;0;[]
299;./brca/Brca2_300_final.txt;brca;30;0;0;0;0;1;0;0;0;0;0;0;0;550;148;86;149;167;1;[402]
300;./brca/Brca2_300_final.txt;brca;31;0;0;0;0;0;0;0;0;0;0;0;0;550;147;86;150;167;0;[]
301;./brca/Brca2_300_final.txt;brca;32;0;0;0;0;0;0;0;0;0;0;0;0;550;147;86;150;167;0;[]
302;./brca/Brca2_300_final.txt;brca;33;0;0;0;0;0;0;0;1;0;0;0;0;550;146;86;151;167;1;[410]
303;./brca/Brca2_300_final.txt;brca;34;0;0;0;0;0;0;0;0;0;0;0;0;550;147;86;150;167;0;[]
304;./brca/Brca2_300_final.txt;brca;35;0;0;0;0;1;0;0;1;0;0;0;0;550;147;86;150;167;2;[299, 353]
305;./brca/Brca2_300_final.txt;brca;36;0;0;1;0;1;0;0;0;0;0;0;0;550;148;85;149;168;2;[147, 160]
306;./brca/Brca2_300_final.txt;brca;37;0;0;0;1;0;0;0;0;0;0;0;0;550;147;87;149;167;1;[30]
307;./brca/Brca2_300_final.txt;brca;38;0;0;0;1;0;0;0;0;0;1;0;0;550;147;88;149;166;2;[44, 523]
308;./brca/Brca2_300_final.txt;brca;39;0;0;0;0;0;0;0;0;0;0;0;0;550;147;86;150;167;0;[]
309;./brca/Brca2_300_final.txt;brca;40;0;0;0;0;0;0;0;0;0;0;0;0;550;147;86;150;167;0;[]
310;./brca/Brca2_300_final.txt;brca;41;0;0;0;0;0;0;0;0;0;0;0;0;550;147;86;150;167;0;[]
311;./brca/Brca2_300_final.txt;brca;42;0;0;0;2;0;0;0;1;0;0;0;0;550;146;88;149;167;3;[46, 78, 142]
312;./brca/Brca2_300_final.txt;brca;43;0;0;0;0;0;0;0;0;0;0;0;0;550;147;86;150;167;0;[]
313;./brca/Brca2_300_final.txt;brca;44;0;0;0;0;0;0;0;0;0;0;0;0;550;147;86;150;167;0;[]
314;./brca/Brca2_300_final.txt;brca;45;0;1;0;0;0;0;0;0;0;0;0;3;550;151;85;150;164;4;[193, 214, 260, 457]
315;./brca/Brca2_300_final.txt;brca;46;0;0;0;1;0;0;0;0;0;0;0;0;550;147;87;149;167;1;[44]
316;./brca/Brca2_300_final.txt;brca;47;0;0;1;0;0;0;0;0;0;1;0;0;550;147;86;150;167;2;[76, 91]
317;./brca/Brca2_300_final.txt;brca;48;0;0;0;0;0;0;0;6;0;0;1;0;550;141;86;157;166;7;[97, 102, 284, 390, 415, 416, 495]
318;./brca/Brca2_300_final.txt;brca;49;0;0;0;0;0;0;0;0;0;0;0;0;550;147;86;150;167;0;[]
319;./brca/Brca2_300_final.txt;brca;50;0;0;0;0;0;0;0;0;0;0;0;0;550;147;86;150;167;0;[]
320;./brca/Brca2_300_final.txt;brca;51;0;0;0;0;0;0;0;0;0;0;0;0;550;147;86;150;167;0;[]
321;./brca/Brca2_300_final.txt;brca;52;0;0;0;0;0;0;0;0;0;0;0;0;550;147;86;150;167;0;[]
322;./brca/Brca2_300_final.txt;brca;53;0;0;0;1;0;0;0;0;0;0;0;0;550;147;87;149;167;1;[44]
323;./brca/Brca2_300_final.txt;brca;54;0;0;0;0;0;0;0;0;0;0;0;0;550;147;86;150;167;0;[]
324;./brca/Brca2_300_final.txt;brca;55;0;0;0;0;0;0;0;0;0;0;0;0;550;147;86;150;167;0;[]
325;./brca/Brca2_330_final.txt;brca;1;0;0;0;2;2;0;0;2;1;0;0;0;550;146;88;148;168;7;[43, 78, 237, 238, 258, 433, 500]
326;./brca/Brca2_330_final.txt;brca;2;0;0;0;0;0;0;1;0;0;0;0;0;550;146;87;150;167;1;[4]
327;./brca/Brca2_330_final.txt;brca;3;0;0;0;0;0;0;0;1;0;0;1;0;550;146;86;152;166;2;[80, 107]
328;./brca/Brca2_330_final.txt;brca;4;0;0;0;0;0;0;0;0;0;0;1;0;550;147;86;151;166;1;[80]
329;./brca/Brca2_330_final.txt;brca;5;0;0;0;0;1;0;1;1;0;0;0;0;550;146;87;150;167;3;[38, 44, 146]
330;./brca/Brca2_330_final.txt;brca;6;0;0;0;0;0;0;0;0;1;0;0;0;550;146;86;150;168;1;[194]
331;./brca/Brca2_330_final.txt;brca;7;0;0;0;0;0;0;0;0;0;0;0;0;550;147;86;150;167;0;[]
332;./brca/Brca2_330_final.txt;brca;8;0;0;0;0;0;0;0;0;0;0;0;0;550;147;86;150;167;0;[]
333;./brca/Brca2_330_final.txt;brca;9;0;0;0;0;0;0;0;0;0;0;1;0;550;147;86;151;166;1;[206]
334;./brca/Brca2_330_final.txt;brca;10;0;0;0;0;0;0;0;0;1;0;0;0;550;146;86;150;168;1;[194]
335;./brca/Brca2_330_final.txt;brca;11;1;0;2;0;0;0;1;0;0;1;0;0;550;146;85;151;168;5;[73, 74, 302, 357, 364]
336;./brca/Brca2_330_final.txt;brca;12;0;0;1;1;0;1;0;0;1;0;0;0;550;146;86;148;170;4;[78, 151, 366, 496]
337;./brca/Brca2_330_final.txt;brca;13;0;0;0;0;0;0;0;0;0;0;0;0;550;147;86;150;167;0;[]
338;./brca/Brca2_330_final.txt;brca;14;0;0;0;0;0;0;0;0;1;0;0;0;550;146;86;150;168;1;[410]
339;./brca/Brca2_330_final.txt;brca;15;0;0;0;1;0;0;0;0;0;0;0;0;550;147;87;149;167;1;[78]
340;./brca/Brca2_330_final.txt;brca;16;0;0;0;0;0;0;0;0;0;0;0;0;550;147;86;150;167;0;[]
341;./brca/Brca2_330_final.txt;brca;17;0;0;0;0;0;0;0;0;0;0;0;1;550;148;86;150;166;1;[193]
342;./brca/Brca2_330_final.txt;brca;18;0;0;0;0;0;0;1;0;0;0;0;0;550;146;87;150;167;1;[4]
343;./brca/Brca2_330_final.txt;brca;19;0;0;0;0;0;0;0;0;1;0;0;0;550;146;86;150;168;1;[410]
344;./brca/Brca2_330_final.txt;brca;20;0;0;0;0;0;0;0;0;1;0;0;0;550;146;86;150;168;1;[410]
345;./brca/Brca2_330_final.txt;brca;21;0;0;0;0;0;0;0;1;0;0;0;0;550;146;86;151;167;1;[387]
346;./brca/Brca2_330_final.txt;brca;22;0;0;0;0;0;0;0;1;0;0;0;0;550;146;86;151;167;1;[166]
347;./brca/Brca2_330_final.txt;brca;23;0;0;0;0;0;0;0;0;0;0;0;0;550;147;86;150;167;0;[]
348;./brca/Brca2_330_final.txt;brca;24;0;0;0;0;0;0;0;0;0;0;0;0;550;147;86;150;167;0;[]
349;./brca/Brca2_330_final.txt;brca;25;0;0;1;0;0;1;0;0;0;2;1;2;550;149;87;150;164;7;[99, 119, 171, 195, 218, 328, 403]
350;./brca/Brca2_330_final.txt;brca;26;0;0;0;0;0;0;0;1;0;0;0;0;550;146;86;151;167;1;[166]
351;./brca/Brca2_330_final.txt;brca;27;0;0;0;0;0;0;0;0;0;0;0;0;550;147;86;150;167;0;[]
352;./brca/Brca2_330_final.txt;brca;28;1;0;1;0;1;1;0;1;0;0;0;2;550;149;84;150;167;7;[44, 73, 101, 116, 169, 212, 407]
353;./brca/Brca2_330_final.txt;brca;29;0;0;0;2;0;0;0;1;1;0;0;0;550;145;88;149;168;4;[78, 258, 433, 500]
354;./brca/Brca2_330_final.txt;brca;30;0;0;1;1;0;1;0;0;1;0;0;0;550;146;86;148;170;4;[78, 151, 366, 496]
355;./brca/Brca2_330_final.txt;brca;31;0;0;0;0;1;0;0;0;0;0;0;0;550;148;86;149;167;1;[218]
356;./brca/Brca2_330_final.txt;brca;32;0;0;1;0;0;1;0;1;0;0;1;0;550;146;85;151;168;4;[5, 68, 155, 226]
357;./brca/Brca2_330_final.txt;brca;33;0;0;1;0;0;0;0;0;0;0;0;0;550;147;85;150;168;1;[292]
358;./brca/Brca2_330_final.txt;brca;34;0;0;0;0;0;0;0;0;0;0;0;0;550;147;86;150;167;0;[]
359;./brca/Brca2_391_final.txt;brca;1;0;0;0;0;0;0;0;0;0;0;0;0;550;147;86;150;167;0;[]
360;./brca/Brca2_391_final.txt;brca;2;0;0;0;1;1;0;0;1;0;0;0;0;550;147;87;149;167;3;[167, 360, 361]
361;./brca/Brca2_391_final.txt;brca;3;0;0;1;0;0;0;0;0;0;0;0;0;550;147;85;150;168;1;[423]
362;./brca/Brca2_391_final.txt;brca;4;0;0;0;1;0;0;0;0;0;0;0;0;550;147;87;149;167;1;[147]
363;./brca/Brca2_391_final.txt;brca;5;0;0;0;0;0;0;0;0;0;0;0;0;550;147;86;150;167;0;[]
364;./brca/Brca2_391_final.txt;brca;6;0;0;0;0;0;0;0;0;0;1;0;0;550;147;87;150;166;1;[490]
365;./brca/Brca2_391_final.txt;brca;7;0;0;0;0;0;0;1;0;0;1;0;3;550;149;88;150;163;5;[85, 165, 183, 347, 362]
366;./brca/Brca2_391_final.txt;brca;8;0;0;0;0;0;0;0;0;0;0;0;0;550;147;86;150;167;0;[]
367;./brca/Brca2_391_final.txt;brca;9;0;0;0;0;0;0;0;0;0;1;0;0;550;147;87;150;166;1;[490]
368;./brca/Brca2_391_final.txt;brca;10;0;0;0;0;0;1;0;0;0;0;0;0;550;147;86;149;168;1;[435]
369;./brca/Brca2_391_final.txt;brca;11;0;0;0;0;0;0;0;0;0;0;0;0;550;147;86;150;167;0;[]
370;./brca/Brca2_391_final.txt;brca;12;1;0;0;0;0;0;0;0;1;0;0;0;550;146;85;151;168;2;[198, 352]
371;./brca/Brca2_391_final.txt;brca;13;0;0;0;0;0;0;0;0;0;0;0;0;550;147;86;150;167;0;[]
372;./brca/Brca2_391_final.txt;brca;14;1;0;0;0;0;0;0;0;1;0;0;0;550;146;85;151;168;2;[198, 352]
373;./brca/Brca2_391_final.txt;brca;15;2;0;0;0;0;0;0;0;0;1;1;0;550;147;85;153;165;4;[80, 214, 276, 292]
374;./brca/Brca2_391_final.txt;brca;16;0;0;0;0;0;0;0;1;0;0;0;0;550;146;86;151;167;1;[72]
375;./brca/Brca2_391_final.txt;brca;17;0;0;0;0;0;0;0;0;0;0;0;0;550;147;86;150;167;0;[]
376;./brca/Brca2_391_final.txt;brca;18;0;0;0;0;0;0;0;0;0;0;0;0;550;147;86;150;167;0;[]
377;./brca/Brca2_391_final.txt;brca;19;0;0;0;0;0;0;0;0;0;1;0;0;550;147;87;150;166;1;[490]
378;./brca/Brca2_391_final.txt;brca;20;0;0;0;1;0;0;0;0;0;0;0;0;550;147;87;149;167;1;[147]
379;./brca/Brca2_391_final.txt;brca;21;0;0;0;0;1;0;0;0;0;0;0;0;550;148;86;149;167;1;[86]
380;./brca/Brca2_391_final.txt;brca;22;0;0;1;0;0;0;0;0;0;0;0;0;550;147;85;150;168;1;[423]
381;./brca/Brca2_60_final.txt;brca;1;0;1;0;0;0;0;0;0;0;0;0;0;550;148;85;150;167;1;[201]
382;./brca/Brca2_60_final.txt;brca;2;0;0;1;0;1;0;0;0;0;2;0;0;550;148;87;149;166;4;[64, 73, 78, 111]
383;./brca/Brca2_60_final.txt;brca;3;0;0;0;1;0;0;0;1;1;0;0;0;550;145;87;150;168;3;[42, 271, 549]
384;./brca/Brca2_60_final.txt;brca;4;0;0;0;0;0;0;0;0;0;0;0;0;550;147;86;150;167;0;[]
385;./brca/Brca2_60_final.txt;brca;5;0;0;0;0;0;0;0;0;0;0;0;0;550;147;86;150;167;0;[]
386;./brca/Brca2_60_final.txt;brca;6;0;0;0;0;1;0;0;0;0;1;0;0;550;148;87;149;166;2;[76, 435]
387;./brca/Brca2_60_final.txt;brca;7;0;0;0;0;0;0;0;1;0;0;0;0;550;146;86;151;167;1;[81]
388;./brca/Brca2_60_final.txt;brca;8;0;0;2;0;1;0;0;0;0;0;0;0;550;148;84;149;169;3;[5, 20, 402]
389;./brca/Brca2_60_final.txt;brca;9;0;0;0;0;0;0;0;0;0;0;0;0;550;147;86;150;167;0;[]
390;./brca/Brca2_60_final.txt;brca;10;0;0;0;0;0;0;0;0;0;0;0;0;550;147;86;150;167;0;[]
391;./brca/Brca2_60_final.txt;brca;11;0;0;0;0;1;0;0;0;0;1;0;0;550;148;87;149;166;2;[447, 475]
392;./brca/Brca2_60_final.txt;brca;12;0;0;0;1;0;0;0;1;0;0;0;0;550;146;87;150;167;2;[81, 422]
393;./brca/Brca2_60_final.txt;brca;13;0;0;0;0;0;0;0;0;0;0;0;0;550;147;86;150;167;0;[]
394;./brca/Brca2_60_final.txt;brca;14;0;0;0;0;0;0;0;0;0;0;0;0;550;147;86;150;167;0;[]
395;./brca/Brca2_60_final.txt;brca;15;0;0;1;0;0;0;0;0;0;1;0;0;550;147;86;150;167;2;[68, 101]
396;./brca/Brca2_60_final.txt;brca;16;1;0;0;0;1;0;0;2;3;0;0;1;550;144;85;152;169;8;[42, 43, 147, 192, 292, 363, 375, 436]
397;./brca/Brca2_60_final.txt;brca;17;0;0;0;0;1;0;0;0;0;0;0;0;550;148;86;149;167;1;[100]
398;./brca/Brca2_60_final.txt;brca;18;0;1;0;0;0;0;0;0;0;0;0;0;550;148;85;150;167;1;[201]
399;./brca/Brca2_60_final.txt;brca;19;0;0;0;1;0;0;1;1;0;0;0;0;550;145;88;150;167;3;[166, 367, 375]
400;./brca/Brca2_60_final.txt;brca;20;0;0;0;0;0;1;0;1;1;0;0;0;550;145;86;150;169;3;[128, 291, 390]
401;./brca/Brca2_60_final.txt;brca;21;0;1;0;0;0;0;0;0;0;0;0;0;550;148;85;150;167;1;[201]
402;./brca/Brca2_60_final.txt;brca;22;0;0;1;0;1;0;0;0;1;1;1;0;550;147;86;150;167;5;[111, 126, 220, 320, 411]
403;./brca/Brca2_60_final.txt;brca;23;0;0;0;0;0;0;0;0;0;0;0;0;550;147;86;150;167;0;[]
404;./brca/Brca2_60_final.txt;brca;24;0;0;1;0;0;0;0;0;0;0;1;0;550;147;85;151;167;2;[5, 183]
405;./brca/Brca2_60_final.txt;brca;25;0;0;0;0;0;0;0;0;0;0;0;0;550;147;86;150;167;0;[]
406;./brca/Brca2_60_final.txt;brca;26;0;0;0;0;1;0;0;1;2;0;0;0;550;145;86;150;169;4;[184, 220, 274, 415]
407;./brca/Brca2_60_final.txt;brca;27;0;0;0;0;1;0;0;1;0;0;0;0;550;147;86;150;167;2;[43, 402]
408;./brca/Brca2_60_final.txt;brca;28;0;1;1;0;0;0;1;0;0;2;1;0;550;147;87;151;165;6;[3, 64, 255, 331, 380, 411]
409;./brca/Brca2_60_final.txt;brca;29;1;0;0;0;0;0;0;1;1;1;0;0;550;145;86;152;167;4;[3, 5, 296, 305]
410;./brca/Brca2_60_final.txt;brca;30;0;0;1;1;0;0;0;0;0;0;1;0;550;147;86;150;167;3;[95, 298, 347]
411;./brca/Brca2_60_final.txt;brca;31;0;0;0;0;0;0;0;1;1;0;0;0;550;145;86;151;168;2;[404, 494]
412;./brca/Brca2_60_final.txt;brca;32;1;0;1;0;0;1;0;0;1;0;0;1;550;147;84;150;169;5;[110, 192, 196, 291, 390]
413;./brca/Brca2_60_final.txt;brca;33;0;0;0;0;0;0;0;0;0;0;0;0;550;147;86;150;167;0;[]
414;./brca/Brca2_60_final.txt;brca;34;0;0;0;0;0;0;0;0;0;0;0;0;550;147;86;150;167;0;[]
415;./brca/Brca2_60_final.txt;brca;35;0;0;0;0;0;0;1;0;0;0;0;0;550;146;87;150;167;1;[72]
416;./brca/Brca2_60_final.txt;brca;36;0;0;0;0;0;1;0;0;0;0;0;0;550;147;86;149;168;1;[95]
417;./brca/Brca2_60_final.txt;brca;37;0;0;0;1;0;0;0;1;0;0;0;0;550;146;87;150;167;2;[46, 95]
418;./brca/Brca2_60_final.txt;brca;38;1;0;1;0;0;0;0;0;0;0;0;0;550;147;84;151;168;2;[380, 454]
419;./brca/Brca2_60_final.txt;brca;39;0;0;0;0;0;0;0;0;0;0;0;0;550;147;86;150;167;0;[]
420;./brca/Brca2_60_final.txt;brca;40;0;0;0;0;0;0;0;0;0;0;0;0;550;147;86;150;167;0;[]
421;./brca/Brca2_60_final.txt;brca;41;0;0;0;0;1;0;0;0;1;0;0;0;550;147;86;149;168;2;[274, 434]
422;./brca/Brca2_60_final.txt;brca;42;0;0;0;0;0;1;0;1;0;0;0;0;550;146;86;150;168;2;[234, 337]
423;./brca/Brca2_60_final.txt;brca;43;0;0;1;0;0;0;0;0;1;0;1;0;550;146;85;151;168;3;[5, 223, 449]
424;./brca/Brca2_60_final.txt;brca;44;0;0;0;0;0;0;0;0;0;0;0;0;550;147;86;150;167;0;[]
425;./brca/Brca2_60_final.txt;brca;45;0;0;0;0;0;0;0;0;0;0;0;0;550;147;86;150;167;0;[]
426;./brca/Brca2_60_final.txt;brca;46;0;0;0;0;0;0;1;2;1;0;0;0;550;143;87;152;168;4;[14, 17, 426, 483]
427;./brca/Brca2_60_final.txt;brca;47;0;0;0;1;0;0;0;0;0;0;0;0;550;147;87;149;167;1;[78]
428;./brca/Brca2_60_final.txt;brca;48;0;0;0;0;0;0;0;0;2;0;0;2;550;147;86;150;167;4;[42, 43, 89, 99]
429;./brca/Brca2_60_final.txt;brca;49;0;0;0;1;0;0;2;0;0;0;0;0;550;145;89;149;167;3;[4, 78, 94]
430;./brca/Brca2_60_final.txt;brca;50;0;0;0;0;1;0;0;0;0;0;0;0;550;148;86;149;167;1;[95]
431;./brca/Brca2_60_final.txt;brca;51;0;0;0;0;0;0;0;0;0;0;0;0;550;147;86;150;167;0;[]
432;./brca/Brca2_60_final.txt;brca;52;0;0;0;0;0;0;0;0;0;1;0;0;550;147;87;150;166;1;[376]
433;./brca/Brca2_60_final.txt;brca;53;0;0;2;0;0;0;0;0;0;0;0;0;550;147;84;150;169;2;[5, 20]
